block_bytes,codec,mib_per_s_core,ratio,bytes_per_op
65536,zstd-1,2.35,69.72,66840
65536,zstd-3,1.42,67.77,66864
65536,zstd-6,0.62,78.67,66737
65536,lz4,3.81,37.22,67616
65536,none,7.98,1.00,65552
262144,zstd-1,2.74,84.78,266337
262144,zstd-3,2.02,83.65,266377
262144,zstd-6,0.26,95.01,266007
262144,lz4,3.67,43.57,269249
262144,none,7.89,1.00,262160
1048576,zstd-1,2.49,90.43,1064347
1048576,zstd-3,1.46,87.04,1064797
1048576,zstd-6,0.54,102.38,1063006
1048576,lz4,3.53,45.70,1075682
1048576,none,6.11,1.00,1048593
