fanout,proxy_gets,direct_gets,proxy_ingester_bytes,direct_ingester_bytes,proxy_cpu_ns,direct_cpu_ns,default_mode
1,1,1,65536,0,0,562500,direct
2,1,2,131072,0,0,125000,proxy
3,1,3,196608,0,0,93750,proxy
4,1,4,262144,0,0,93750,proxy
5,1,5,327680,0,0,78125,proxy
6,1,6,393216,0,0,93750,proxy
7,1,7,458752,0,15625,187500,proxy
8,1,8,524288,0,0,187500,proxy
9,1,9,589824,0,0,93750,proxy
10,1,10,655360,0,15625,93750,proxy
11,1,11,720896,0,0,93750,proxy
12,1,12,786432,0,15625,93750,proxy
13,1,13,851968,0,0,93750,proxy
14,1,14,917504,0,0,93750,proxy
15,1,15,983040,0,0,93750,proxy
16,1,16,1048576,0,15625,93750,proxy
